<annotation>
	<folder>合成大西瓜</folder>
	<filename>Image_47942639491.jpg</filename>
	<path>E:\程序猿\项目\自动标注\合成大西瓜\Image_47942639491.jpg</path>
	<source>
		<database>Unknown</database>
	</source>
	<size>
		<width>500</width>
		<height>243</height>
		<depth>3</depth>
	</size>
	<segmented>0</segmented>
	<object>
		<name>pt</name>
		<pose>Unspecified</pose>
		<truncated>0</truncated>
		<difficult>0</difficult>
		<bndbox>
			<xmin>231</xmin>
			<ymin>44</ymin>
			<xmax>271</xmax>
			<ymax>82</ymax>
		</bndbox>
	</object>
</annotation>
