<annotation>
	<folder>合成大西瓜</folder>
	<filename>Image_5506971017.jpg</filename>
	<path>E:\程序猿\项目\自动标注\合成大西瓜\Image_5506971017.jpg</path>
	<source>
		<database>Unknown</database>
	</source>
	<size>
		<width>532</width>
		<height>300</height>
		<depth>3</depth>
	</size>
	<segmented>0</segmented>
	<object>
		<name>yt</name>
		<pose>Unspecified</pose>
		<truncated>0</truncated>
		<difficult>0</difficult>
		<bndbox>
			<xmin>123</xmin>
			<ymin>202</ymin>
			<xmax>183</xmax>
			<ymax>261</ymax>
		</bndbox>
	</object>
	<object>
		<name>nm</name>
		<pose>Unspecified</pose>
		<truncated>0</truncated>
		<difficult>0</difficult>
		<bndbox>
			<xmin>343</xmin>
			<ymin>67</ymin>
			<xmax>427</xmax>
			<ymax>154</ymax>
		</bndbox>
	</object>
	<object>
		<name>nm</name>
		<pose>Unspecified</pose>
		<truncated>1</truncated>
		<difficult>0</difficult>
		<bndbox>
			<xmin>447</xmin>
			<ymin>38</ymin>
			<xmax>532</xmax>
			<ymax>124</ymax>
		</bndbox>
	</object>
	<object>
		<name>xhs</name>
		<pose>Unspecified</pose>
		<truncated>1</truncated>
		<difficult>0</difficult>
		<bndbox>
			<xmin>1</xmin>
			<ymin>119</ymin>
			<xmax>135</xmax>
			<ymax>255</ymax>
		</bndbox>
	</object>
	<object>
		<name>xhs</name>
		<pose>Unspecified</pose>
		<truncated>1</truncated>
		<difficult>0</difficult>
		<bndbox>
			<xmin>399</xmin>
			<ymin>122</ymin>
			<xmax>532</xmax>
			<ymax>260</ymax>
		</bndbox>
	</object>
	<object>
		<name>mht</name>
		<pose>Unspecified</pose>
		<truncated>0</truncated>
		<difficult>0</difficult>
		<bndbox>
			<xmin>287</xmin>
			<ymin>147</ymin>
			<xmax>399</xmax>
			<ymax>258</ymax>
		</bndbox>
	</object>
	<object>
		<name>tz</name>
		<pose>Unspecified</pose>
		<truncated>0</truncated>
		<difficult>0</difficult>
		<bndbox>
			<xmin>153</xmin>
			<ymin>94</ymin>
			<xmax>292</xmax>
			<ymax>231</ymax>
		</bndbox>
	</object>
</annotation>
