<annotation>
	<folder>合成大西瓜</folder>
	<filename>Image_159780991224.jpg</filename>
	<path>E:\程序猿\项目\自动标注\合成大西瓜\Image_159780991224.jpg</path>
	<source>
		<database>Unknown</database>
	</source>
	<size>
		<width>500</width>
		<height>500</height>
		<depth>3</depth>
	</size>
	<segmented>0</segmented>
	<object>
		<name>jz</name>
		<pose>Unspecified</pose>
		<truncated>0</truncated>
		<difficult>0</difficult>
		<bndbox>
			<xmin>182</xmin>
			<ymin>44</ymin>
			<xmax>314</xmax>
			<ymax>178</ymax>
		</bndbox>
	</object>
</annotation>
