<annotation>
	<folder>合成大西瓜</folder>
	<filename>Image_196274562206.jpg</filename>
	<path>E:\程序猿\项目\自动标注\合成大西瓜\Image_196274562206.jpg</path>
	<source>
		<database>Unknown</database>
	</source>
	<size>
		<width>265</width>
		<height>450</height>
		<depth>3</depth>
	</size>
	<segmented>0</segmented>
	<object>
		<name>yt</name>
		<pose>Unspecified</pose>
		<truncated>0</truncated>
		<difficult>0</difficult>
		<bndbox>
			<xmin>118</xmin>
			<ymin>16</ymin>
			<xmax>150</xmax>
			<ymax>47</ymax>
		</bndbox>
	</object>
	<object>
		<name>jz</name>
		<pose>Unspecified</pose>
		<truncated>0</truncated>
		<difficult>0</difficult>
		<bndbox>
			<xmin>131</xmin>
			<ymin>386</ymin>
			<xmax>173</xmax>
			<ymax>427</ymax>
		</bndbox>
	</object>
	<object>
		<name>nm</name>
		<pose>Unspecified</pose>
		<truncated>0</truncated>
		<difficult>0</difficult>
		<bndbox>
			<xmin>164</xmin>
			<ymin>364</ymin>
			<xmax>213</xmax>
			<ymax>407</ymax>
		</bndbox>
	</object>
	<object>
		<name>nm</name>
		<pose>Unspecified</pose>
		<truncated>1</truncated>
		<difficult>0</difficult>
		<bndbox>
			<xmin>221</xmin>
			<ymin>265</ymin>
			<xmax>265</xmax>
			<ymax>310</ymax>
		</bndbox>
	</object>
	<object>
		<name>mht</name>
		<pose>Unspecified</pose>
		<truncated>0</truncated>
		<difficult>0</difficult>
		<bndbox>
			<xmin>127</xmin>
			<ymin>319</ymin>
			<xmax>186</xmax>
			<ymax>378</ymax>
		</bndbox>
	</object>
	<object>
		<name>mht</name>
		<pose>Unspecified</pose>
		<truncated>1</truncated>
		<difficult>0</difficult>
		<bndbox>
			<xmin>211</xmin>
			<ymin>367</ymin>
			<xmax>265</xmax>
			<ymax>428</ymax>
		</bndbox>
	</object>
	<object>
		<name>tz</name>
		<pose>Unspecified</pose>
		<truncated>0</truncated>
		<difficult>0</difficult>
		<bndbox>
			<xmin>185</xmin>
			<ymin>303</ymin>
			<xmax>253</xmax>
			<ymax>373</ymax>
		</bndbox>
	</object>
	<object>
		<name>bl</name>
		<pose>Unspecified</pose>
		<truncated>0</truncated>
		<difficult>0</difficult>
		<bndbox>
			<xmin>36</xmin>
			<ymin>327</ymin>
			<xmax>132</xmax>
			<ymax>422</ymax>
		</bndbox>
	</object>
</annotation>
