<annotation>
	<folder>合成大西瓜</folder>
	<filename>Image_31462745147.jpg</filename>
	<path>E:\程序猿\项目\自动标注\合成大西瓜\Image_31462745147.jpg</path>
	<source>
		<database>Unknown</database>
	</source>
	<size>
		<width>270</width>
		<height>316</height>
		<depth>3</depth>
	</size>
	<segmented>0</segmented>
	<object>
		<name>xg</name>
		<pose>Unspecified</pose>
		<truncated>0</truncated>
		<difficult>0</difficult>
		<bndbox>
			<xmin>98</xmin>
			<ymin>248</ymin>
			<xmax>167</xmax>
			<ymax>315</ymax>
		</bndbox>
	</object>
</annotation>
