<annotation>
	<folder>合成大西瓜</folder>
	<filename>Image_44519539149.jpg</filename>
	<path>E:\程序猿\项目\自动标注\合成大西瓜\Image_44519539149.jpg</path>
	<source>
		<database>Unknown</database>
	</source>
	<size>
		<width>483</width>
		<height>378</height>
		<depth>3</depth>
	</size>
	<segmented>0</segmented>
	<object>
		<name>pt</name>
		<pose>Unspecified</pose>
		<truncated>0</truncated>
		<difficult>0</difficult>
		<bndbox>
			<xmin>224</xmin>
			<ymin>224</ymin>
			<xmax>258</xmax>
			<ymax>260</ymax>
		</bndbox>
	</object>
	<object>
		<name>mht</name>
		<pose>Unspecified</pose>
		<truncated>0</truncated>
		<difficult>0</difficult>
		<bndbox>
			<xmin>134</xmin>
			<ymin>230</ymin>
			<xmax>236</xmax>
			<ymax>335</ymax>
		</bndbox>
	</object>
	<object>
		<name>mht</name>
		<pose>Unspecified</pose>
		<truncated>0</truncated>
		<difficult>0</difficult>
		<bndbox>
			<xmin>248</xmin>
			<ymin>229</ymin>
			<xmax>347</xmax>
			<ymax>331</ymax>
		</bndbox>
	</object>
	<object>
		<name>xhs</name>
		<pose>Unspecified</pose>
		<truncated>0</truncated>
		<difficult>0</difficult>
		<bndbox>
			<xmin>3</xmin>
			<ymin>209</ymin>
			<xmax>118</xmax>
			<ymax>335</ymax>
		</bndbox>
	</object>
	<object>
		<name>xhs</name>
		<pose>Unspecified</pose>
		<truncated>0</truncated>
		<difficult>0</difficult>
		<bndbox>
			<xmin>350</xmin>
			<ymin>208</ymin>
			<xmax>471</xmax>
			<ymax>330</ymax>
		</bndbox>
	</object>
</annotation>
