<annotation>
	<folder>合成大西瓜</folder>
	<filename>Image_98424265245.jpg</filename>
	<path>E:\程序猿\项目\自动标注\合成大西瓜\Image_98424265245.jpg</path>
	<source>
		<database>Unknown</database>
	</source>
	<size>
		<width>500</width>
		<height>401</height>
		<depth>3</depth>
	</size>
	<segmented>0</segmented>
	<object>
		<name>yt</name>
		<pose>Unspecified</pose>
		<truncated>0</truncated>
		<difficult>0</difficult>
		<bndbox>
			<xmin>2</xmin>
			<ymin>329</ymin>
			<xmax>54</xmax>
			<ymax>383</ymax>
		</bndbox>
	</object>
	<object>
		<name>yt</name>
		<pose>Unspecified</pose>
		<truncated>0</truncated>
		<difficult>0</difficult>
		<bndbox>
			<xmin>167</xmin>
			<ymin>327</ymin>
			<xmax>223</xmax>
			<ymax>380</ymax>
		</bndbox>
	</object>
	<object>
		<name>yt</name>
		<pose>Unspecified</pose>
		<truncated>0</truncated>
		<difficult>0</difficult>
		<bndbox>
			<xmin>331</xmin>
			<ymin>326</ymin>
			<xmax>388</xmax>
			<ymax>383</ymax>
		</bndbox>
	</object>
	<object>
		<name>mht</name>
		<pose>Unspecified</pose>
		<truncated>0</truncated>
		<difficult>0</difficult>
		<bndbox>
			<xmin>6</xmin>
			<ymin>164</ymin>
			<xmax>102</xmax>
			<ymax>265</ymax>
		</bndbox>
	</object>
	<object>
		<name>mht</name>
		<pose>Unspecified</pose>
		<truncated>0</truncated>
		<difficult>0</difficult>
		<bndbox>
			<xmin>143</xmin>
			<ymin>183</ymin>
			<xmax>243</xmax>
			<ymax>280</ymax>
		</bndbox>
	</object>
	<object>
		<name>mht</name>
		<pose>Unspecified</pose>
		<truncated>0</truncated>
		<difficult>0</difficult>
		<bndbox>
			<xmin>307</xmin>
			<ymin>178</ymin>
			<xmax>411</xmax>
			<ymax>278</ymax>
		</bndbox>
	</object>
	<object>
		<name>xhs</name>
		<pose>Unspecified</pose>
		<truncated>0</truncated>
		<difficult>0</difficult>
		<bndbox>
			<xmin>50</xmin>
			<ymin>260</ymin>
			<xmax>170</xmax>
			<ymax>379</ymax>
		</bndbox>
	</object>
	<object>
		<name>xhs</name>
		<pose>Unspecified</pose>
		<truncated>0</truncated>
		<difficult>0</difficult>
		<bndbox>
			<xmin>213</xmin>
			<ymin>254</ymin>
			<xmax>342</xmax>
			<ymax>376</ymax>
		</bndbox>
	</object>
	<object>
		<name>xhs</name>
		<pose>Unspecified</pose>
		<truncated>1</truncated>
		<difficult>0</difficult>
		<bndbox>
			<xmin>377</xmin>
			<ymin>251</ymin>
			<xmax>500</xmax>
			<ymax>377</ymax>
		</bndbox>
	</object>
</annotation>
