<annotation>
	<folder>合成大西瓜</folder>
	<filename>Image_34558842041.jpg</filename>
	<path>E:\程序猿\项目\自动标注\合成大西瓜\Image_34558842041.jpg</path>
	<source>
		<database>Unknown</database>
	</source>
	<size>
		<width>500</width>
		<height>804</height>
		<depth>3</depth>
	</size>
	<segmented>0</segmented>
	<object>
		<name>pt</name>
		<pose>Unspecified</pose>
		<truncated>0</truncated>
		<difficult>0</difficult>
		<bndbox>
			<xmin>3</xmin>
			<ymin>589</ymin>
			<xmax>36</xmax>
			<ymax>626</ymax>
		</bndbox>
	</object>
	<object>
		<name>pt</name>
		<pose>Unspecified</pose>
		<truncated>0</truncated>
		<difficult>0</difficult>
		<bndbox>
			<xmin>2</xmin>
			<ymin>765</ymin>
			<xmax>35</xmax>
			<ymax>800</ymax>
		</bndbox>
	</object>
	<object>
		<name>pt</name>
		<pose>Unspecified</pose>
		<truncated>0</truncated>
		<difficult>0</difficult>
		<bndbox>
			<xmin>383</xmin>
			<ymin>245</ymin>
			<xmax>423</xmax>
			<ymax>282</ymax>
		</bndbox>
	</object>
	<object>
		<name>pt</name>
		<pose>Unspecified</pose>
		<truncated>0</truncated>
		<difficult>0</difficult>
		<bndbox>
			<xmin>343</xmin>
			<ymin>479</ymin>
			<xmax>377</xmax>
			<ymax>514</ymax>
		</bndbox>
	</object>
	<object>
		<name>yt</name>
		<pose>Unspecified</pose>
		<truncated>0</truncated>
		<difficult>0</difficult>
		<bndbox>
			<xmin>80</xmin>
			<ymin>233</ymin>
			<xmax>137</xmax>
			<ymax>289</ymax>
		</bndbox>
	</object>
	<object>
		<name>nm</name>
		<pose>Unspecified</pose>
		<truncated>0</truncated>
		<difficult>0</difficult>
		<bndbox>
			<xmin>310</xmin>
			<ymin>249</ymin>
			<xmax>387</xmax>
			<ymax>321</ymax>
		</bndbox>
	</object>
	<object>
		<name>nm</name>
		<pose>Unspecified</pose>
		<truncated>0</truncated>
		<difficult>0</difficult>
		<bndbox>
			<xmin>158</xmin>
			<ymin>530</ymin>
			<xmax>243</xmax>
			<ymax>611</ymax>
		</bndbox>
	</object>
	<object>
		<name>nm</name>
		<pose>Unspecified</pose>
		<truncated>0</truncated>
		<difficult>0</difficult>
		<bndbox>
			<xmin>5</xmin>
			<ymin>197</ymin>
			<xmax>80</xmax>
			<ymax>275</ymax>
		</bndbox>
	</object>
	<object>
		<name>mht</name>
		<pose>Unspecified</pose>
		<truncated>0</truncated>
		<difficult>0</difficult>
		<bndbox>
			<xmin>199</xmin>
			<ymin>64</ymin>
			<xmax>306</xmax>
			<ymax>165</ymax>
		</bndbox>
	</object>
	<object>
		<name>xhs</name>
		<pose>Unspecified</pose>
		<truncated>0</truncated>
		<difficult>0</difficult>
		<bndbox>
			<xmin>139</xmin>
			<ymin>195</ymin>
			<xmax>264</xmax>
			<ymax>318</ymax>
		</bndbox>
	</object>
	<object>
		<name>xhs</name>
		<pose>Unspecified</pose>
		<truncated>1</truncated>
		<difficult>0</difficult>
		<bndbox>
			<xmin>376</xmin>
			<ymin>275</ymin>
			<xmax>500</xmax>
			<ymax>400</ymax>
		</bndbox>
	</object>
	<object>
		<name>tz</name>
		<pose>Unspecified</pose>
		<truncated>0</truncated>
		<difficult>0</difficult>
		<bndbox>
			<xmin>7</xmin>
			<ymin>280</ymin>
			<xmax>130</xmax>
			<ymax>406</ymax>
		</bndbox>
	</object>
	<object>
		<name>tz</name>
		<pose>Unspecified</pose>
		<truncated>1</truncated>
		<difficult>0</difficult>
		<bndbox>
			<xmin>372</xmin>
			<ymin>404</ymin>
			<xmax>500</xmax>
			<ymax>529</ymax>
		</bndbox>
	</object>
	<object>
		<name>bl</name>
		<pose>Unspecified</pose>
		<truncated>0</truncated>
		<difficult>0</difficult>
		<bndbox>
			<xmin>6</xmin>
			<ymin>405</ymin>
			<xmax>181</xmax>
			<ymax>585</ymax>
		</bndbox>
	</object>
	<object>
		<name>yz</name>
		<pose>Unspecified</pose>
		<truncated>0</truncated>
		<difficult>0</difficult>
		<bndbox>
			<xmin>8</xmin>
			<ymin>587</ymin>
			<xmax>217</xmax>
			<ymax>793</ymax>
		</bndbox>
	</object>
	<object>
		<name>yz</name>
		<pose>Unspecified</pose>
		<truncated>0</truncated>
		<difficult>0</difficult>
		<bndbox>
			<xmin>164</xmin>
			<ymin>306</ymin>
			<xmax>377</xmax>
			<ymax>520</ymax>
		</bndbox>
	</object>
	<object>
		<name>dxg</name>
		<pose>Unspecified</pose>
		<truncated>1</truncated>
		<difficult>0</difficult>
		<bndbox>
			<xmin>218</xmin>
			<ymin>521</ymin>
			<xmax>500</xmax>
			<ymax>801</ymax>
		</bndbox>
	</object>
</annotation>
