<annotation>
	<folder>合成大西瓜</folder>
	<filename>Image_177991942151.jpg</filename>
	<path>E:\程序猿\项目\自动标注\合成大西瓜\Image_177991942151.jpg</path>
	<source>
		<database>Unknown</database>
	</source>
	<size>
		<width>350</width>
		<height>769</height>
		<depth>3</depth>
	</size>
	<segmented>0</segmented>
	<object>
		<name>pt</name>
		<pose>Unspecified</pose>
		<truncated>1</truncated>
		<difficult>0</difficult>
		<bndbox>
			<xmin>323</xmin>
			<ymin>643</ymin>
			<xmax>350</xmax>
			<ymax>673</ymax>
		</bndbox>
	</object>
	<object>
		<name>jz</name>
		<pose>Unspecified</pose>
		<truncated>0</truncated>
		<difficult>0</difficult>
		<bndbox>
			<xmin>135</xmin>
			<ymin>614</ymin>
			<xmax>196</xmax>
			<ymax>671</ymax>
		</bndbox>
	</object>
	<object>
		<name>nm</name>
		<pose>Unspecified</pose>
		<truncated>0</truncated>
		<difficult>0</difficult>
		<bndbox>
			<xmin>147</xmin>
			<ymin>94</ymin>
			<xmax>203</xmax>
			<ymax>151</ymax>
		</bndbox>
	</object>
	<object>
		<name>xhs</name>
		<pose>Unspecified</pose>
		<truncated>0</truncated>
		<difficult>0</difficult>
		<bndbox>
			<xmin>17</xmin>
			<ymin>580</ymin>
			<xmax>99</xmax>
			<ymax>670</ymax>
		</bndbox>
	</object>
</annotation>
