<annotation>
	<folder>合成大西瓜</folder>
	<filename>Image_17777210743.jpg</filename>
	<path>E:\程序猿\项目\自动标注\合成大西瓜\Image_17777210743.jpg</path>
	<source>
		<database>Unknown</database>
	</source>
	<size>
		<width>94</width>
		<height>154</height>
		<depth>3</depth>
	</size>
	<segmented>0</segmented>
	<object>
		<name>jz</name>
		<pose>Unspecified</pose>
		<truncated>1</truncated>
		<difficult>0</difficult>
		<bndbox>
			<xmin>1</xmin>
			<ymin>73</ymin>
			<xmax>42</xmax>
			<ymax>154</ymax>
		</bndbox>
	</object>
	<object>
		<name>yt</name>
		<pose>Unspecified</pose>
		<truncated>1</truncated>
		<difficult>0</difficult>
		<bndbox>
			<xmin>65</xmin>
			<ymin>11</ymin>
			<xmax>94</xmax>
			<ymax>86</ymax>
		</bndbox>
	</object>
	<object>
		<name>pt</name>
		<pose>Unspecified</pose>
		<truncated>0</truncated>
		<difficult>0</difficult>
		<bndbox>
			<xmin>13</xmin>
			<ymin>35</ymin>
			<xmax>64</xmax>
			<ymax>88</ymax>
		</bndbox>
	</object>
	<object>
		<name>pt</name>
		<pose>Unspecified</pose>
		<truncated>1</truncated>
		<difficult>0</difficult>
		<bndbox>
			<xmin>40</xmin>
			<ymin>78</ymin>
			<xmax>94</xmax>
			<ymax>133</ymax>
		</bndbox>
	</object>
</annotation>
