<annotation>
	<folder>合成大西瓜</folder>
	<filename>Image_2048344268.jpg</filename>
	<path>E:\程序猿\项目\自动标注\合成大西瓜\Image_2048344268.jpg</path>
	<source>
		<database>Unknown</database>
	</source>
	<size>
		<width>516</width>
		<height>277</height>
		<depth>3</depth>
	</size>
	<segmented>0</segmented>
	<object>
		<name>jz</name>
		<pose>Unspecified</pose>
		<truncated>0</truncated>
		<difficult>0</difficult>
		<bndbox>
			<xmin>232</xmin>
			<ymin>10</ymin>
			<xmax>287</xmax>
			<ymax>63</ymax>
		</bndbox>
	</object>
</annotation>
