<annotation>
	<folder>合成大西瓜</folder>
	<filename>Image_137969697160.jpg</filename>
	<path>E:\程序猿\项目\自动标注\合成大西瓜\Image_137969697160.jpg</path>
	<source>
		<database>Unknown</database>
	</source>
	<size>
		<width>238</width>
		<height>527</height>
		<depth>3</depth>
	</size>
	<segmented>0</segmented>
	<object>
		<name>pt</name>
		<pose>Unspecified</pose>
		<truncated>0</truncated>
		<difficult>0</difficult>
		<bndbox>
			<xmin>49</xmin>
			<ymin>361</ymin>
			<xmax>66</xmax>
			<ymax>379</ymax>
		</bndbox>
	</object>
	<object>
		<name>pt</name>
		<pose>Unspecified</pose>
		<truncated>0</truncated>
		<difficult>0</difficult>
		<bndbox>
			<xmin>119</xmin>
			<ymin>445</ymin>
			<xmax>138</xmax>
			<ymax>461</ymax>
		</bndbox>
	</object>
	<object>
		<name>yt</name>
		<pose>Unspecified</pose>
		<truncated>0</truncated>
		<difficult>0</difficult>
		<bndbox>
			<xmin>151</xmin>
			<ymin>315</ymin>
			<xmax>182</xmax>
			<ymax>342</ymax>
		</bndbox>
	</object>
	<object>
		<name>yt</name>
		<pose>Unspecified</pose>
		<truncated>0</truncated>
		<difficult>0</difficult>
		<bndbox>
			<xmin>105</xmin>
			<ymin>65</ymin>
			<xmax>133</xmax>
			<ymax>91</ymax>
		</bndbox>
	</object>
	<object>
		<name>nm</name>
		<pose>Unspecified</pose>
		<truncated>1</truncated>
		<difficult>0</difficult>
		<bndbox>
			<xmin>1</xmin>
			<ymin>342</ymin>
			<xmax>41</xmax>
			<ymax>382</ymax>
		</bndbox>
	</object>
	<object>
		<name>nm</name>
		<pose>Unspecified</pose>
		<truncated>0</truncated>
		<difficult>0</difficult>
		<bndbox>
			<xmin>120</xmin>
			<ymin>328</ymin>
			<xmax>161</xmax>
			<ymax>368</ymax>
		</bndbox>
	</object>
	<object>
		<name>xhs</name>
		<pose>Unspecified</pose>
		<truncated>0</truncated>
		<difficult>0</difficult>
		<bndbox>
			<xmin>68</xmin>
			<ymin>339</ymin>
			<xmax>128</xmax>
			<ymax>399</ymax>
		</bndbox>
	</object>
	<object>
		<name>xhs</name>
		<pose>Unspecified</pose>
		<truncated>1</truncated>
		<difficult>0</difficult>
		<bndbox>
			<xmin>175</xmin>
			<ymin>309</ymin>
			<xmax>238</xmax>
			<ymax>369</ymax>
		</bndbox>
	</object>
	<object>
		<name>bl</name>
		<pose>Unspecified</pose>
		<truncated>0</truncated>
		<difficult>0</difficult>
		<bndbox>
			<xmin>2</xmin>
			<ymin>380</ymin>
			<xmax>82</xmax>
			<ymax>460</ymax>
		</bndbox>
	</object>
	<object>
		<name>yz</name>
		<pose>Unspecified</pose>
		<truncated>0</truncated>
		<difficult>0</difficult>
		<bndbox>
			<xmin>120</xmin>
			<ymin>361</ymin>
			<xmax>219</xmax>
			<ymax>459</ymax>
		</bndbox>
	</object>
</annotation>
