<annotation>
	<folder>合成大西瓜</folder>
	<filename>Image_3102610259.jpg</filename>
	<path>E:\程序猿\项目\自动标注\合成大西瓜\Image_3102610259.jpg</path>
	<source>
		<database>Unknown</database>
	</source>
	<size>
		<width>206</width>
		<height>366</height>
		<depth>3</depth>
	</size>
	<segmented>0</segmented>
	<object>
		<name>pt</name>
		<pose>Unspecified</pose>
		<truncated>0</truncated>
		<difficult>0</difficult>
		<bndbox>
			<xmin>94</xmin>
			<ymin>15</ymin>
			<xmax>111</xmax>
			<ymax>29</ymax>
		</bndbox>
	</object>
	<object>
		<name>pt</name>
		<pose>Unspecified</pose>
		<truncated>0</truncated>
		<difficult>0</difficult>
		<bndbox>
			<xmin>105</xmin>
			<ymin>109</ymin>
			<xmax>120</xmax>
			<ymax>124</ymax>
		</bndbox>
	</object>
	<object>
		<name>yt</name>
		<pose>Unspecified</pose>
		<truncated>0</truncated>
		<difficult>0</difficult>
		<bndbox>
			<xmin>96</xmin>
			<ymin>221</ymin>
			<xmax>118</xmax>
			<ymax>245</ymax>
		</bndbox>
	</object>
	<object>
		<name>yt</name>
		<pose>Unspecified</pose>
		<truncated>0</truncated>
		<difficult>0</difficult>
		<bndbox>
			<xmin>66</xmin>
			<ymin>331</ymin>
			<xmax>88</xmax>
			<ymax>353</ymax>
		</bndbox>
	</object>
	<object>
		<name>yt</name>
		<pose>Unspecified</pose>
		<truncated>0</truncated>
		<difficult>0</difficult>
		<bndbox>
			<xmin>179</xmin>
			<ymin>330</ymin>
			<xmax>203</xmax>
			<ymax>355</ymax>
		</bndbox>
	</object>
	<object>
		<name>jz</name>
		<pose>Unspecified</pose>
		<truncated>0</truncated>
		<difficult>0</difficult>
		<bndbox>
			<xmin>114</xmin>
			<ymin>86</ymin>
			<xmax>145</xmax>
			<ymax>116</ymax>
		</bndbox>
	</object>
	<object>
		<name>jz</name>
		<pose>Unspecified</pose>
		<truncated>0</truncated>
		<difficult>0</difficult>
		<bndbox>
			<xmin>87</xmin>
			<ymin>172</ymin>
			<xmax>119</xmax>
			<ymax>203</ymax>
		</bndbox>
	</object>
	<object>
		<name>nm</name>
		<pose>Unspecified</pose>
		<truncated>0</truncated>
		<difficult>0</difficult>
		<bndbox>
			<xmin>64</xmin>
			<ymin>226</ymin>
			<xmax>98</xmax>
			<ymax>259</ymax>
		</bndbox>
	</object>
	<object>
		<name>mht</name>
		<pose>Unspecified</pose>
		<truncated>0</truncated>
		<difficult>0</difficult>
		<bndbox>
			<xmin>49</xmin>
			<ymin>69</ymin>
			<xmax>92</xmax>
			<ymax>113</ymax>
		</bndbox>
	</object>
	<object>
		<name>mht</name>
		<pose>Unspecified</pose>
		<truncated>0</truncated>
		<difficult>0</difficult>
		<bndbox>
			<xmin>113</xmin>
			<ymin>116</ymin>
			<xmax>154</xmax>
			<ymax>158</ymax>
		</bndbox>
	</object>
	<object>
		<name>mht</name>
		<pose>Unspecified</pose>
		<truncated>0</truncated>
		<difficult>0</difficult>
		<bndbox>
			<xmin>160</xmin>
			<ymin>58</ymin>
			<xmax>205</xmax>
			<ymax>103</ymax>
		</bndbox>
	</object>
	<object>
		<name>xhs</name>
		<pose>Unspecified</pose>
		<truncated>0</truncated>
		<difficult>0</difficult>
		<bndbox>
			<xmin>2</xmin>
			<ymin>45</ymin>
			<xmax>53</xmax>
			<ymax>97</ymax>
		</bndbox>
	</object>
	<object>
		<name>xhs</name>
		<pose>Unspecified</pose>
		<truncated>1</truncated>
		<difficult>0</difficult>
		<bndbox>
			<xmin>154</xmin>
			<ymin>104</ymin>
			<xmax>206</xmax>
			<ymax>154</ymax>
		</bndbox>
	</object>
	<object>
		<name>xhs</name>
		<pose>Unspecified</pose>
		<truncated>0</truncated>
		<difficult>0</difficult>
		<bndbox>
			<xmin>59</xmin>
			<ymin>111</ymin>
			<xmax>112</xmax>
			<ymax>163</ymax>
		</bndbox>
	</object>
	<object>
		<name>tz</name>
		<pose>Unspecified</pose>
		<truncated>0</truncated>
		<difficult>0</difficult>
		<bndbox>
			<xmin>2</xmin>
			<ymin>98</ymin>
			<xmax>54</xmax>
			<ymax>152</ymax>
		</bndbox>
	</object>
	<object>
		<name>mht</name>
		<pose>Unspecified</pose>
		<truncated>0</truncated>
		<difficult>0</difficult>
		<bndbox>
			<xmin>2</xmin>
			<ymin>311</ymin>
			<xmax>43</xmax>
			<ymax>354</ymax>
		</bndbox>
	</object>
	<object>
		<name>bl</name>
		<pose>Unspecified</pose>
		<truncated>0</truncated>
		<difficult>0</difficult>
		<bndbox>
			<xmin>2</xmin>
			<ymin>239</ymin>
			<xmax>73</xmax>
			<ymax>312</ymax>
		</bndbox>
	</object>
	<object>
		<name>yz</name>
		<pose>Unspecified</pose>
		<truncated>0</truncated>
		<difficult>0</difficult>
		<bndbox>
			<xmin>2</xmin>
			<ymin>150</ymin>
			<xmax>90</xmax>
			<ymax>236</ymax>
		</bndbox>
	</object>
	<object>
		<name>yz</name>
		<pose>Unspecified</pose>
		<truncated>1</truncated>
		<difficult>0</difficult>
		<bndbox>
			<xmin>118</xmin>
			<ymin>152</ymin>
			<xmax>206</xmax>
			<ymax>240</ymax>
		</bndbox>
	</object>
</annotation>
