<annotation>
	<folder>合成大西瓜</folder>
	<filename>Image_47701014095.jpg</filename>
	<path>E:\程序猿\项目\自动标注\合成大西瓜\Image_47701014095.jpg</path>
	<source>
		<database>Unknown</database>
	</source>
	<size>
		<width>290</width>
		<height>500</height>
		<depth>3</depth>
	</size>
	<segmented>0</segmented>
	<object>
		<name>jz</name>
		<pose>Unspecified</pose>
		<truncated>0</truncated>
		<difficult>0</difficult>
		<bndbox>
			<xmin>115</xmin>
			<ymin>439</ymin>
			<xmax>160</xmax>
			<ymax>479</ymax>
		</bndbox>
	</object>
	<object>
		<name>nm</name>
		<pose>Unspecified</pose>
		<truncated>0</truncated>
		<difficult>0</difficult>
		<bndbox>
			<xmin>121</xmin>
			<ymin>8</ymin>
			<xmax>169</xmax>
			<ymax>52</ymax>
		</bndbox>
	</object>
	<object>
		<name>xhs</name>
		<pose>Unspecified</pose>
		<truncated>0</truncated>
		<difficult>0</difficult>
		<bndbox>
			<xmin>9</xmin>
			<ymin>407</ymin>
			<xmax>89</xmax>
			<ymax>477</ymax>
		</bndbox>
	</object>
</annotation>
