<annotation>
	<folder>合成大西瓜</folder>
	<filename>Image_24882770030.jpg</filename>
	<path>E:\程序猿\项目\自动标注\合成大西瓜\Image_24882770030.jpg</path>
	<source>
		<database>Unknown</database>
	</source>
	<size>
		<width>175</width>
		<height>175</height>
		<depth>3</depth>
	</size>
	<segmented>0</segmented>
	<object>
		<name>pt</name>
		<pose>Unspecified</pose>
		<truncated>0</truncated>
		<difficult>0</difficult>
		<bndbox>
			<xmin>79</xmin>
			<ymin>23</ymin>
			<xmax>91</xmax>
			<ymax>36</ymax>
		</bndbox>
	</object>
	<object>
		<name>pt</name>
		<pose>Unspecified</pose>
		<truncated>0</truncated>
		<difficult>0</difficult>
		<bndbox>
			<xmin>93</xmin>
			<ymin>77</ymin>
			<xmax>104</xmax>
			<ymax>89</ymax>
		</bndbox>
	</object>
	<object>
		<name>pt</name>
		<pose>Unspecified</pose>
		<truncated>1</truncated>
		<difficult>0</difficult>
		<bndbox>
			<xmin>1</xmin>
			<ymin>165</ymin>
			<xmax>11</xmax>
			<ymax>175</ymax>
		</bndbox>
	</object>
	<object>
		<name>pt</name>
		<pose>Unspecified</pose>
		<truncated>1</truncated>
		<difficult>0</difficult>
		<bndbox>
			<xmin>162</xmin>
			<ymin>87</ymin>
			<xmax>175</xmax>
			<ymax>103</ymax>
		</bndbox>
	</object>
	<object>
		<name>pt</name>
		<pose>Unspecified</pose>
		<truncated>1</truncated>
		<difficult>0</difficult>
		<bndbox>
			<xmin>161</xmin>
			<ymin>9</ymin>
			<xmax>175</xmax>
			<ymax>20</ymax>
		</bndbox>
	</object>
	<object>
		<name>yt</name>
		<pose>Unspecified</pose>
		<truncated>1</truncated>
		<difficult>0</difficult>
		<bndbox>
			<xmin>27</xmin>
			<ymin>158</ymin>
			<xmax>47</xmax>
			<ymax>175</ymax>
		</bndbox>
	</object>
	<object>
		<name>yt</name>
		<pose>Unspecified</pose>
		<truncated>0</truncated>
		<difficult>0</difficult>
		<bndbox>
			<xmin>103</xmin>
			<ymin>65</ymin>
			<xmax>123</xmax>
			<ymax>83</ymax>
		</bndbox>
	</object>
	<object>
		<name>jz</name>
		<pose>Unspecified</pose>
		<truncated>1</truncated>
		<difficult>0</difficult>
		<bndbox>
			<xmin>1</xmin>
			<ymin>41</ymin>
			<xmax>25</xmax>
			<ymax>67</ymax>
		</bndbox>
	</object>
	<object>
		<name>jz</name>
		<pose>Unspecified</pose>
		<truncated>1</truncated>
		<difficult>0</difficult>
		<bndbox>
			<xmin>148</xmin>
			<ymin>20</ymin>
			<xmax>175</xmax>
			<ymax>45</ymax>
		</bndbox>
	</object>
	<object>
		<name>jz</name>
		<pose>Unspecified</pose>
		<truncated>1</truncated>
		<difficult>0</difficult>
		<bndbox>
			<xmin>61</xmin>
			<ymin>151</ymin>
			<xmax>88</xmax>
			<ymax>175</ymax>
		</bndbox>
	</object>
	<object>
		<name>nm</name>
		<pose>Unspecified</pose>
		<truncated>0</truncated>
		<difficult>0</difficult>
		<bndbox>
			<xmin>60</xmin>
			<ymin>32</ymin>
			<xmax>87</xmax>
			<ymax>59</ymax>
		</bndbox>
	</object>
	<object>
		<name>mht</name>
		<pose>Unspecified</pose>
		<truncated>0</truncated>
		<difficult>0</difficult>
		<bndbox>
			<xmin>19</xmin>
			<ymin>20</ymin>
			<xmax>58</xmax>
			<ymax>56</ymax>
		</bndbox>
	</object>
	<object>
		<name>mht</name>
		<pose>Unspecified</pose>
		<truncated>1</truncated>
		<difficult>0</difficult>
		<bndbox>
			<xmin>118</xmin>
			<ymin>1</ymin>
			<xmax>155</xmax>
			<ymax>30</ymax>
		</bndbox>
	</object>
	<object>
		<name>tz</name>
		<pose>Unspecified</pose>
		<truncated>0</truncated>
		<difficult>0</difficult>
		<bndbox>
			<xmin>88</xmin>
			<ymin>23</ymin>
			<xmax>134</xmax>
			<ymax>66</ymax>
		</bndbox>
	</object>
	<object>
		<name>xhs</name>
		<pose>Unspecified</pose>
		<truncated>0</truncated>
		<difficult>0</difficult>
		<bndbox>
			<xmin>129</xmin>
			<ymin>44</ymin>
			<xmax>174</xmax>
			<ymax>87</ymax>
		</bndbox>
	</object>
	<object>
		<name>dxg</name>
		<pose>Unspecified</pose>
		<truncated>0</truncated>
		<difficult>0</difficult>
		<bndbox>
			<xmin>2</xmin>
			<ymin>55</ymin>
			<xmax>100</xmax>
			<ymax>151</ymax>
		</bndbox>
	</object>
	<object>
		<name>dxg</name>
		<pose>Unspecified</pose>
		<truncated>1</truncated>
		<difficult>0</difficult>
		<bndbox>
			<xmin>78</xmin>
			<ymin>83</ymin>
			<xmax>175</xmax>
			<ymax>175</ymax>
		</bndbox>
	</object>
</annotation>
