<annotation>
	<folder>合成大西瓜</folder>
	<filename>Image_38240832233.jpg</filename>
	<path>E:\程序猿\项目\自动标注\合成大西瓜\Image_38240832233.jpg</path>
	<source>
		<database>Unknown</database>
	</source>
	<size>
		<width>500</width>
		<height>1082</height>
		<depth>3</depth>
	</size>
	<segmented>0</segmented>
	<object>
		<name>pt</name>
		<pose>Unspecified</pose>
		<truncated>0</truncated>
		<difficult>0</difficult>
		<bndbox>
			<xmin>461</xmin>
			<ymin>921</ymin>
			<xmax>499</xmax>
			<ymax>965</ymax>
		</bndbox>
	</object>
	<object>
		<name>pt</name>
		<pose>Unspecified</pose>
		<truncated>0</truncated>
		<difficult>0</difficult>
		<bndbox>
			<xmin>224</xmin>
			<ymin>920</ymin>
			<xmax>263</xmax>
			<ymax>965</ymax>
		</bndbox>
	</object>
	<object>
		<name>yt</name>
		<pose>Unspecified</pose>
		<truncated>1</truncated>
		<difficult>0</difficult>
		<bndbox>
			<xmin>444</xmin>
			<ymin>467</ymin>
			<xmax>500</xmax>
			<ymax>517</ymax>
		</bndbox>
	</object>
	<object>
		<name>yt</name>
		<pose>Unspecified</pose>
		<truncated>0</truncated>
		<difficult>0</difficult>
		<bndbox>
			<xmin>220</xmin>
			<ymin>137</ymin>
			<xmax>280</xmax>
			<ymax>201</ymax>
		</bndbox>
	</object>
	<object>
		<name>jz</name>
		<pose>Unspecified</pose>
		<truncated>1</truncated>
		<difficult>0</difficult>
		<bndbox>
			<xmin>422</xmin>
			<ymin>520</ymin>
			<xmax>500</xmax>
			<ymax>597</ymax>
		</bndbox>
	</object>
	<object>
		<name>jz</name>
		<pose>Unspecified</pose>
		<truncated>0</truncated>
		<difficult>0</difficult>
		<bndbox>
			<xmin>13</xmin>
			<ymin>626</ymin>
			<xmax>93</xmax>
			<ymax>703</ymax>
		</bndbox>
	</object>
	<object>
		<name>xhs</name>
		<pose>Unspecified</pose>
		<truncated>0</truncated>
		<difficult>0</difficult>
		<bndbox>
			<xmin>9</xmin>
			<ymin>505</ymin>
			<xmax>119</xmax>
			<ymax>624</ymax>
		</bndbox>
	</object>
	<object>
		<name>mht</name>
		<pose>Unspecified</pose>
		<truncated>0</truncated>
		<difficult>0</difficult>
		<bndbox>
			<xmin>263</xmin>
			<ymin>856</ymin>
			<xmax>364</xmax>
			<ymax>962</ymax>
		</bndbox>
	</object>
	<object>
		<name>dxg</name>
		<pose>Unspecified</pose>
		<truncated>0</truncated>
		<difficult>0</difficult>
		<bndbox>
			<xmin>111</xmin>
			<ymin>451</ymin>
			<xmax>397</xmax>
			<ymax>741</ymax>
		</bndbox>
	</object>
	<object>
		<name>dxg</name>
		<pose>Unspecified</pose>
		<truncated>0</truncated>
		<difficult>0</difficult>
		<bndbox>
			<xmin>11</xmin>
			<ymin>687</ymin>
			<xmax>279</xmax>
			<ymax>958</ymax>
		</bndbox>
	</object>
	<object>
		<name>dxg</name>
		<pose>Unspecified</pose>
		<truncated>0</truncated>
		<difficult>0</difficult>
		<bndbox>
			<xmin>221</xmin>
			<ymin>570</ymin>
			<xmax>494</xmax>
			<ymax>856</ymax>
		</bndbox>
	</object>
</annotation>
