<annotation>
	<folder>合成大西瓜</folder>
	<filename>Image_27877918778.jpg</filename>
	<path>E:\程序猿\项目\自动标注\合成大西瓜\Image_27877918778.jpg</path>
	<source>
		<database>Unknown</database>
	</source>
	<size>
		<width>500</width>
		<height>532</height>
		<depth>3</depth>
	</size>
	<segmented>0</segmented>
	<object>
		<name>dxg</name>
		<pose>Unspecified</pose>
		<truncated>0</truncated>
		<difficult>0</difficult>
		<bndbox>
			<xmin>305</xmin>
			<ymin>229</ymin>
			<xmax>443</xmax>
			<ymax>365</ymax>
		</bndbox>
	</object>
	<object>
		<name>dxg</name>
		<pose>Unspecified</pose>
		<truncated>0</truncated>
		<difficult>0</difficult>
		<bndbox>
			<xmin>253</xmin>
			<ymin>165</ymin>
			<xmax>389</xmax>
			<ymax>305</ymax>
		</bndbox>
	</object>
	<object>
		<name>dxg</name>
		<pose>Unspecified</pose>
		<truncated>0</truncated>
		<difficult>0</difficult>
		<bndbox>
			<xmin>358</xmin>
			<ymin>82</ymin>
			<xmax>497</xmax>
			<ymax>218</ymax>
		</bndbox>
	</object>
	<object>
		<name>dxg</name>
		<pose>Unspecified</pose>
		<truncated>0</truncated>
		<difficult>0</difficult>
		<bndbox>
			<xmin>253</xmin>
			<ymin>336</ymin>
			<xmax>390</xmax>
			<ymax>471</ymax>
		</bndbox>
	</object>
	<object>
		<name>dxg</name>
		<pose>Unspecified</pose>
		<truncated>1</truncated>
		<difficult>0</difficult>
		<bndbox>
			<xmin>374</xmin>
			<ymin>248</ymin>
			<xmax>500</xmax>
			<ymax>386</ymax>
		</bndbox>
	</object>
	<object>
		<name>pt</name>
		<pose>Unspecified</pose>
		<truncated>0</truncated>
		<difficult>0</difficult>
		<bndbox>
			<xmin>117</xmin>
			<ymin>79</ymin>
			<xmax>134</xmax>
			<ymax>100</ymax>
		</bndbox>
	</object>
	<object>
		<name>pt</name>
		<pose>Unspecified</pose>
		<truncated>0</truncated>
		<difficult>0</difficult>
		<bndbox>
			<xmin>252</xmin>
			<ymin>453</ymin>
			<xmax>271</xmax>
			<ymax>470</ymax>
		</bndbox>
	</object>
	<object>
		<name>jz</name>
		<pose>Unspecified</pose>
		<truncated>0</truncated>
		<difficult>0</difficult>
		<bndbox>
			<xmin>400</xmin>
			<ymin>434</ymin>
			<xmax>438</xmax>
			<ymax>472</ymax>
		</bndbox>
	</object>
	<object>
		<name>mht</name>
		<pose>Unspecified</pose>
		<truncated>0</truncated>
		<difficult>0</difficult>
		<bndbox>
			<xmin>443</xmin>
			<ymin>422</ymin>
			<xmax>494</xmax>
			<ymax>471</ymax>
		</bndbox>
	</object>
</annotation>
